Commitment_Amount_INR_Cr,Commitment_Letter__Conclusion,Current_Status,Date_of_first_meeting__call,Due_Diligence__Queries,FeelerTeaserLetter_Sent,Initial_Appraisal__Evaluation_process_started,Initial__Final_Drawdown,Investor_Type,Meetings__Detailed_DiscussionsIM_Sent,Notes,Organisation,Reference,Responsibility_TNIFMC,Status_Open__Closed,TNIFMC_Request_INR_Cr
5,True,Need to send contribution Agreement - Received Rs 5 Cr LOI,1678406400000,True,True,True,False,PSU Banks / PFIs,True,Need to send contribution Agreement - Received Rs 5 Cr LOI,IOB,CFM,K. Ganapathy Subramanian,Invested,5
30,True,THE GO is the Commitment Letter for TIDCO and TIDEL,1648771200000,True,True,True,True,Others,True,,TIDCO,Government,Krishna Chaitanya K,Invested,30
20,True,,1661990400000,True,True,True,True,Others,True,,TIDEL,Government,K. Ganapathy Subramanian,Invested,0
0,True,Setting up meetings in EU in month of October,1685577600000,True,True,True,False,Advisor,True,They are our advisors,Euro Asia Advisors,EAA,Krishna Chaitanya K,Open,0
0,True,,1725148800000,True,True,True,False,Advisor,True,,SBI Caps,Propreitory,Krishna Chaitanya K,Open,0
0,True,,1677628800000,True,True,True,False,Advisor,True,,SKC,Propreitory,Krishna Chaitanya K,Open,0
0,True,Meeting with the senior management in w/b 11 Nov 2024,1725148800000,True,True,True,False,Advisor,True,,Tipsons Group,Propreitory,Krishna Chaitanya K,Open,0
0,False,They are willing to take the transaction forward. Have queries on a past transaction with TNIFMC,1725148800000,True,True,True,False,SWFs / MFIs / Pension Funds / FoFs,True,Need to revert on their query on the p[ast transaction,ADB - PSOD,Propreitory,Krishna Chaitanya K,Inv / Credit Committee,200
0,False,Taking it up for their evaluation. Need to follow up MD&CEO,1681948800000,True,True,True,False,Sponsors,True,Meeting with MD pending; Presented to Treasury. Proposal to be sent to the Treasury,Canara Bank,Propreitory,Krishna Chaitanya K,Inv / Credit Committee,25
0,False,They are keen on ESSF. Want to have a more detailed discussion/call,1725148800000,True,True,True,False,SWFs / MFIs / Pension Funds / FoFs,True,,DEG - Deutsche Inventions,Propreitory,Krishna Chaitanya K,Open,0
0,False,He has sent details of what he could do to help us,1731369600000,True,True,True,False,Advisor,True,,Dexter Nicolas - Vietnam,Propreitory,Satish S,Open,0
0,False,Finnish Government has decided to close down their Climate investments and Jari Motero who was interacting with us is himself seeking a new position,1685577600000,True,True,True,False,Domestic Pension Funds / Insurance Companies/MFs,True,Finnish Government has decided to close down their Climate investments and Jari Motero who was interacting with us is himself seeking a new position,Finnish Fund of Industrial Cooperation Ltd (FinnFund),Propreitory,Krishna Chaitanya K,Declined,50
0,False,Are interested in TN. Want to evaluate Green Climate Fund. Meeting pending,1685577600000,True,True,True,False,Corporates,True,,Gulf Islamic Investments,Propreitory,Krishna Chaitanya K,Closed / Deferred,25
0,False,They are taking it up with their Wealth Clients,1685577600000,True,True,True,False,SWFs / MFIs / Pension Funds / FoFs,True,,HDFC Bank Wealth,Propreitory,Krishna Chaitanya K,Open,50
0,False,Interested in GCF. Coordinating and planning meetings in EU in Oct,1685577600000,True,True,True,False,PSU Banks / PFIs,True,,IFU,Propreitory,Krishna Chaitanya K,Open,50
0,False,Taking it up for their evaluation. Need to follow up with their Treasury in Mumbai,1682726400000,True,True,True,False,Sponsors,True,Presented to MD / Treasury. Not favourable + call / letter from Government,Indian Bank,SKC,K. Ganapathy Subramanian,Inv / Credit Committee,25
0,False,They have asked us to coordinate with their investee fund NIIF.,1648771200000,True,True,True,False,Foreign Banks / Insurance Companies,True,,JBIC,Propreitory,Krishna Chaitanya K,Closed / Deferred,300
0,False,In Progress,1685577600000,True,True,True,False,SWFs / MFIs / Pension Funds / FoFs,True,,JICA - ESSF,Government,Krishna Chaitanya K,Inv / Credit Committee,200
0,False,In Progress,1685577600000,True,True,True,False,SWFs / MFIs / Pension Funds / FoFs,True,,JICA - GCF,Government,Krishna Chaitanya K,Inv / Credit Committee,300
0,False,Need to meet new head and it should be taken upo at their IC,1687219200000,True,True,True,False,PSU Banks / PFIs,True,CFM reaching out,NABARD,Propreitory,K. Ganapathy Subramanian,Inv / Credit Committee,25
0,False,They want to participate in our projects. They are not investing in AIFs yet,1685577600000,True,True,True,False,PSU Banks / PFIs,True,They want to participate in our projects. They are not investing in AIFs yet,NaBFID,Propreitory,Krishna Chaitanya K,Declined,100
0,False,They are not keen on investing in state sponsored funds.,1648771200000,True,True,True,False,Domestic / Foreing PE/VC Funds,True,,NIIF,Propreitory,K. Ganapathy Subramanian,Declined,100
0,False,Taking up in their next IC,1711929600000,True,True,True,False,PSU Banks / PFIs,True,0,REC,SKC,Krishna Chaitanya K,Open,100
0,False,Taking up in their next IC,1672531200000,True,True,True,False,PSU Banks / PFIs,True,Get MSME Secretary to talk + Talk to VAMESH,SBICap Ventures - SRI,Propreitory,K. Ganapathy Subramanian,Inv / Credit Committee,50
0,False,They are interested in Grant Funding.,1685577600000,True,True,True,False,SWFs / MFIs / Pension Funds / FoFs,True,Met Amrita Sarker on 7-11-2023,Shell Foundation,Others,Satish S,Inv / Credit Committee,25
0,False,Taking up in their next IC,1672531200000,True,True,True,False,PSU Banks / PFIs,True,Fund of Funds operated by SIDBI,SIDBI,Propreitory,K. Ganapathy Subramanian,Inv / Credit Committee,115
0,False,Taking it up in their IC . Need to meet theitr CMD,1685577600000,True,True,True,False,Domestic Pension Funds / Insurance Companies/MFs,True,0,United India Insurance,SKC,Krishna Chaitanya K,Inv / Credit Committee,25
0,False,,1725148800000,False,True,True,False,SWFs / MFIs / Pension Funds / FoFs,True,,ADIA,Propreitory,Krishna Chaitanya K,Open,0
0,False,,1683849600000,False,True,True,False,SWFs / MFIs / Pension Funds / FoFs,True,They are interested in the Shelter Fund kind of an initiative and would want to come through the Government,AIIB,Government,Krishna Chaitanya K,Open,100
0,False,,1725148800000,False,True,True,False,HNIs / Family Offices,True,,Alsima Capital Group,Propreitory,Krishna Chaitanya K,Open,0
0,False,,1680739200000,False,True,True,False,PSU Banks / PFIs,True,Presentation to Mr. A. B. Vijaya Kumar (ED) by TNIFMC. ,Bank of Maharashtra,SKC,Krishna Chaitanya K,Open,10
0,False,,1685577600000,False,True,True,False,PSU Banks / PFIs,True,,BII,SBI Caps,Krishna Chaitanya K,Open,50
0,False,,1681516800000,False,True,True,False,PSU Banks / PFIs,True,Presentation to President - JN,BOB,CFM,K. Ganapathy Subramanian,Closed / Deferred,25
0,False,,1706486400000,False,True,True,False,SWFs / MFIs / Pension Funds / FoFs,True,Met CGM Finance Venkateswaran and Manager Finance Thiru.KA Mohan,CPCL,Others,Satish S,Open,25
0,False,,1716854400000,False,True,True,False,Domestic Pension Funds / Insurance Companies/MFs,True,,FCDO,Propreitory,K. Ganapathy Subramanian,Open,300
0,False,,1703894400000,False,True,True,False,PSU Banks / PFIs,True,Met Aditya Mohan and Jaap on 7-11-2023,FMO,Propreitory,Satish S,Open,100
0,False,,1727740800000,False,True,True,False,SWFs / MFIs / Pension Funds / FoFs,True,,French Business Council,Propreitory,Satish S,Open,0
0,False,,1725148800000,False,True,True,False,SWFs / MFIs / Pension Funds / FoFs,True,,Global Emerging Markets Specialist Capital Pte Ltd,Propreitory,Krishna Chaitanya K,Open,80
0,False,,1725148800000,False,True,True,False,SWFs / MFIs / Pension Funds / FoFs,True,,Hinduja Family Office,Propreitory,Krishna Chaitanya K,Open,100
0,False,,1685577600000,False,True,True,False,Corporates,True,0,HUDCO,SKC,K. Ganapathy Subramanian,Closed / Deferred,50
0,False,,1685577600000,False,True,True,False,Corporates,True,Want to co-invest alongside TNIFMC's funds,IFC,Propreitory,Krishna Chaitanya K,Declined,0
0,False,,1685577600000,False,True,True,False,PSU Banks / PFIs,True,,IREDA,SBI Caps,Krishna Chaitanya K,Open,50
0,False,,1672531200000,False,True,True,False,Sponsors,True,,Karur Vysya Bank Ltd,Propreitory,K. Ganapathy Subramanian,Closed / Deferred,0
0,False,,1685577600000,False,True,True,False,Corporates,True,0,LIC of India,SKC,Krishna Chaitanya K,Open,200
0,False,,1685577600000,False,True,True,False,SWFs / MFIs / Pension Funds / FoFs,True,,Macquarie,Propreitory,Krishna Chaitanya K,Open,100
0,False,,1725148800000,False,True,True,False,SWFs / MFIs / Pension Funds / FoFs,True,,Mercury Capital Advisors,Propreitory,Krishna Chaitanya K,Open,0
0,False,,1717200000000,False,True,True,False,Sponsors,True,0,NHB,Propreitory,K. Ganapathy Subramanian,Open,25
0,False,,1725148800000,False,True,True,False,Corporates,True,,NLC,Propreitory,Satish S,Open,50
0,False,,1703894400000,False,True,True,False,HNIs / Family Offices,True,,Novo Holdings,Propreitory,Krishna Chaitanya K,Closed / Deferred,100
0,False,,1725148800000,False,True,True,False,PSU Banks / PFIs,True,,NSIC Ventures,Propreitory,Krishna Chaitanya K,Open,50
0,False,,1703894400000,False,True,True,False,SWFs / MFIs / Pension Funds / FoFs,True,,Oesterreichische Entwicklungs Bank,Propreitory,Krishna Chaitanya K,Open,80
0,False,,1685577600000,False,True,True,False,SWFs / MFIs / Pension Funds / FoFs,True,,ONTARIO TEACHERS PENSION PLAN,Propreitory,Krishna Chaitanya K,Open,80
0,False,,1717200000000,False,True,True,False,PSU Banks / PFIs,True,0,PFC,SBI Caps,Satish S,Open,0
0,False,,1725148800000,False,True,True,False,PSU Banks / PFIs,True,,PNB,Propreitory,Krishna Chaitanya K,Closed / Deferred,50
0,False,,1685577600000,False,True,True,False,SWFs / MFIs / Pension Funds / FoFs,True,"Spoke to Ms. Niharika, Investment Officer, Proparco. Shared our deck",Proparco Groupe AFD,SBI Caps,Satish S,Open,50
0,False,,1681257600000,False,True,True,False,PSU Banks / PFIs,True,,Punjab National Bank,SKC,Krishna Chaitanya K,Open,25
0,False,Meet Mr. Padma Kumar,1731369600000,False,True,True,False,Corporates,True,,Saint Gobain,Propreitory,K. Ganapathy Subramanian,Open,0
0,False,,1703894400000,False,True,True,False,PSU Banks / PFIs,True,0,SBI,SBI Caps,K. Ganapathy Subramanian,Open,100
0,False,,1725148800000,False,True,True,False,SWFs / MFIs / Pension Funds / FoFs,True,,SBI Cap Ventures - UK FCDO,Propreitory,Krishna Chaitanya K,Inv / Credit Committee,300
0,False,,1703894400000,False,True,True,False,Domestic Pension Funds / Insurance Companies/MFs,True,0,SBI Mutual Fund,SBI Caps,K. Ganapathy Subramanian,Open,25
0,False,,1717200000000,False,True,True,False,Domestic Pension Funds / Insurance Companies/MFs,True,0,SBI Pension Fund,SBI Caps,K. Ganapathy Subramanian,Open,0
0,False,,1685577600000,False,True,True,False,SWFs / MFIs / Pension Funds / FoFs,True,,SNS Group - Family Office,Propreitory,Krishna Chaitanya K,Open,25
0,False,,1682899200000,False,True,True,False,Private Sector / Foreign  Banks in India / NBFCs,True,"Call set up for June 2, 2023",South Indian Bank,CFM,K. Ganapathy Subramanian,Declined,10
0,False,,1685577600000,False,True,True,False,PSU Banks / PFIs,True,0,Uco Bank,CFM,K. Ganapathy Subramanian,Declined,10
0,False,,1725148800000,False,True,True,False,SWFs / MFIs / Pension Funds / FoFs,True,,World Bank,Government,Krishna Chaitanya K,Closed / Deferred,0
0,False,,1725148800000,False,True,False,False,HNIs / Family Offices,True,,Aboitiz Family Office,Propreitory,Krishna Chaitanya K,Open,0
0,False,,1681948800000,False,True,False,False,PSU Banks / PFIs,True,Mr.  P. R. Rajagopal ED at Mumbai,BoI,CFM,K. Ganapathy Subramanian,Closed / Deferred,25
0,False,,1685577600000,False,True,False,False,Private Sector / Foreign  Banks in India / NBFCs,True,,Catholic syrian Bank,Propreitory,K. Ganapathy Subramanian,Declined,0
0,False,,1685577600000,False,True,False,False,PSU Banks / PFIs,True,,Citibank,Propreitory,Krishna Chaitanya K,Closed / Deferred,0
0,False,,1682899200000,False,True,False,False,PSU Banks / PFIs,True,To meet venkatesh GM Treasury - ref Arun Vasu,CUB,CFM,K. Ganapathy Subramanian,Closed / Deferred,10
0,False,,1725148800000,False,True,False,False,SWFs / MFIs / Pension Funds / FoFs,True,,DEG Impact GmbH,SBI Caps,Krishna Chaitanya K,Open,0
0,False,,1725148800000,False,True,False,False,SWFs / MFIs / Pension Funds / FoFs,True,,EBRD,Propreitory,Krishna Chaitanya K,Open,0
0,False,,1725148800000,False,True,False,False,SWFs / MFIs / Pension Funds / FoFs,True,,EIC Partners AG,Propreitory,Krishna Chaitanya K,Closed / Deferred,0
0,False,,1725148800000,False,True,False,False,SWFs / MFIs / Pension Funds / FoFs,True,,"GIC, Singapore",Propreitory,Krishna Chaitanya K,Open,0
0,False,,1725148800000,False,True,False,False,SWFs / MFIs / Pension Funds / FoFs,True,,Green Climate fund - Korea,SBI Caps,Satish S,Open,0
0,False,,1725148800000,False,True,False,False,SWFs / MFIs / Pension Funds / FoFs,True,,Hanover Square Capital (UK) Ltd,Propreitory,Krishna Chaitanya K,Open,0
0,False,,1681516800000,False,True,False,False,PSU Banks / PFIs,True,Presentation to Mr. Arun Bansal (ED Head of Treasury),IDBI Bank,CFM,K. Ganapathy Subramanian,Declined,25
0,False,,1685577600000,False,True,False,False,PSU Banks / PFIs,True,Provided contacts to Satish,IIFCL,SKC,K. Ganapathy Subramanian,Open,50
0,False,,1685577600000,False,True,False,False,PSU Banks / PFIs,True,We shall be using this organisation for referrals,Infrastructure Asia,Propreitory,K. Ganapathy Subramanian,Closed / Deferred,0
0,False,,1703894400000,False,True,False,False,SWFs / MFIs / Pension Funds / FoFs,True,They are evaluating us more as a partner for TNESSF. We shall be using this organisation for referrals,Japan External Trade Organisation,Propreitory,Krishna Chaitanya K,Closed / Deferred,0
0,False,,1725148800000,False,True,False,False,HNIs / Family Offices,True,,K Cap (Koneru Family Office),Propreitory,Krishna Chaitanya K,Closed / Deferred,0
0,False,,1725148800000,False,True,False,False,SWFs / MFIs / Pension Funds / FoFs,True,,KIC,Propreitory,Krishna Chaitanya K,Open,0
0,False,,1725148800000,False,True,False,False,SWFs / MFIs / Pension Funds / FoFs,True,,Kuwait Investment Authority,Propreitory,Krishna Chaitanya K,Open,0
0,False,,1681516800000,False,True,False,False,PSU Banks / PFIs,True,Presentation to Mr. Sanjay Grover (CGM) Treasury,KVB,CFM,K. Ganapathy Subramanian,Closed / Deferred,10
0,False,,1717200000000,False,True,False,False,Domestic Pension Funds / Insurance Companies/MFs,True,0,LIC Mutual Fund,SKC,K. Ganapathy Subramanian,Open,0
0,False,,1717200000000,False,True,False,False,Domestic Pension Funds / Insurance Companies/MFs,True,0,LIC Pension Fund,SKC,K. Ganapathy Subramanian,Open,0
0,False,,1672531200000,False,True,False,False,SWFs / MFIs / Pension Funds / FoFs,True,,Netherlands Development Finance Company (FMO),Propreitory,K. Ganapathy Subramanian,Open,0
0,False,,1725148800000,False,True,False,False,SWFs / MFIs / Pension Funds / FoFs,True,,OMERS,Propreitory,Krishna Chaitanya K,Open,0
0,False,,1725148800000,False,True,False,False,SWFs / MFIs / Pension Funds / FoFs,True,,OTPP,Propreitory,Krishna Chaitanya K,Open,0
0,False,,1717200000000,False,True,False,False,SWFs / MFIs / Pension Funds / FoFs,True,,Stratford House Advisors ,Propreitory,Krishna Chaitanya K,Open,0
0,False,,1725148800000,False,True,False,False,HNIs / Family Offices,True,,TCI Fund Management - Chris Hohn,Propreitory,Krishna Chaitanya K,Open,0
0,False,,1717200000000,False,True,False,False,Others,True,0,UPPCL,SKC,K. Ganapathy Subramanian,Declined,0
0,False,,1725148800000,False,True,False,False,Others,True,,World Tamil Organisation - UK,Propreitory,Krishna Chaitanya K,Open,0
0,False,,1685577600000,False,True,False,False,HNIs / Family Offices,True,,Yusuf bin Ahmed Kanoo Group,Propreitory,Krishna Chaitanya K,Open,0
0,False,,1725148800000,False,True,False,False,SWFs / MFIs / Pension Funds / FoFs,False,Not investing in India,ABN AMRO Infrastructure Capital Management Ltd,Propreitory,Krishna Chaitanya K,Closed / Deferred,0
0,False,,1685577600000,False,True,False,False,SWFs / MFIs / Pension Funds / FoFs,False,,Abu Dhabi Investment Council,Propreitory,Krishna Chaitanya K,Open,100
0,False,,1725148800000,False,True,False,False,SWFs / MFIs / Pension Funds / FoFs,False,,Alberta Teachers Retirement Fund,Propreitory,Krishna Chaitanya K,Open,0
0,False,,1685577600000,False,True,False,False,SWFs / MFIs / Pension Funds / FoFs,False,,"Allied Climate Partners, New York",Propreitory,Satish S,Open,0
0,False,,1725148800000,False,True,False,False,SWFs / MFIs / Pension Funds / FoFs,False,,ALP Invest,Propreitory,Krishna Chaitanya K,Open,0
0,False,,1685577600000,False,True,False,False,SWFs / MFIs / Pension Funds / FoFs,False,,APG Asset Management,Propreitory,Krishna Chaitanya K,Open,0
0,False,,1725148800000,False,True,False,False,SWFs / MFIs / Pension Funds / FoFs,False,Reevaluating India,Apollo Global Management,Propreitory,Krishna Chaitanya K,Closed / Deferred,0
0,False,,1685577600000,False,True,False,False,SWFs / MFIs / Pension Funds / FoFs,False,,Belgian Investment Company for Developing Countries,Propreitory,Krishna Chaitanya K,Open,0
0,False,,1717200000000,False,True,False,False,SWFs / MFIs / Pension Funds / FoFs,False,,Belgian Soverign Fund,Propreitory,Krishna Chaitanya K,Open,0
0,False,,1725148800000,False,True,False,False,SWFs / MFIs / Pension Funds / FoFs,False,,CDPQ,Propreitory,Krishna Chaitanya K,Open,0
0,False,,1733011200000,False,True,False,False,HNIs / Family Offices,False,,Childrens Investment Fund Foundation (CIFF),Propreitory,Satish S,Open,0
0,False,,1685577600000,False,True,False,False,Corporates,False,,Clayton Ventures,Propreitory,K. Ganapathy Subramanian,Open,0
0,False,,1685577600000,False,True,False,False,Corporates,False,Not Investing in AIFs,DBS Bank,Propreitory,K. Ganapathy Subramanian,Declined,0
0,False,,1685577600000,False,True,False,False,SWFs / MFIs / Pension Funds / FoFs,False,Not Investing in AIFs,DCB Bank,Propreitory,K. Ganapathy Subramanian,Declined,0
0,False,,1725148800000,False,True,False,False,Foreign Banks / Insurance Companies,False,Is not investing in any AIFs in India from the India office. Shall revert if it can be done from HQ,Deutsche Bank,Propreitory,Krishna Chaitanya K,Closed / Deferred,0
0,False,,1682899200000,False,True,False,False,PSU Banks / PFIs,False,,Dhanlaxmi Bank,Propreitory,K. Ganapathy Subramanian,Closed / Deferred,5
0,False,,1725148800000,False,True,False,False,SWFs / MFIs / Pension Funds / FoFs,False,,European Investment Bank,Propreitory,Krishna Chaitanya K,Open,0
0,False,,1682899200000,False,True,False,False,Domestic Pension Funds / Insurance Companies/MFs,False,Requested for intro by Sigy Thomas,Federal Bank,CFM,K. Ganapathy Subramanian,Closed / Deferred,10
0,False,,1717200000000,False,True,False,False,Corporates,False,0,GAIL,SKC,K. Ganapathy Subramanian,Open,0
0,False,,1725148800000,False,True,False,False,SWFs / MFIs / Pension Funds / FoFs,False,,Harbourvest Partners,Propreitory,Krishna Chaitanya K,Open,0
0,False,,1725148800000,False,True,False,False,SWFs / MFIs / Pension Funds / FoFs,False,,IFU ,Propreitory,Krishna Chaitanya K,Open,0
0,False,,1717200000000,False,True,False,False,Corporates,False,0,Indian Oil,SKC,K. Ganapathy Subramanian,Open,0
0,False,,1725148800000,False,True,False,False,SWFs / MFIs / Pension Funds / FoFs,False,,InvestAlberta,Propreitory,Krishna Chaitanya K,Open,0
0,False,,1685577600000,False,True,False,False,PSU Banks / PFIs,False,Not Investing in AIFs,Karnataka Bank,CFM,K. Ganapathy Subramanian,Declined,0
0,False,,1685577600000,False,True,False,False,PSU Banks / PFIs,False,,KfW,Propreitory,K. Ganapathy Subramanian,Open,100
0,False,,1725148800000,False,True,False,False,SWFs / MFIs / Pension Funds / FoFs,False,,LGT Capital Partners AG,Propreitory,Krishna Chaitanya K,Declined,0
0,False,,1725148800000,False,True,False,False,SWFs / MFIs / Pension Funds / FoFs,False,,Macquaire,Propreitory,Krishna Chaitanya K,Open,0
0,False,,1725148800000,False,True,False,False,HNIs / Family Offices,False,,MSDF,Propreitory,Krishna Chaitanya K,Open,0
0,False,,1717200000000,False,True,False,False,Corporates,False,0,NHPC,SKC,Krishna Chaitanya K,Open,0
0,False,,1717200000000,False,True,False,False,Corporates,False,0,NMDC,SKC,K. Ganapathy Subramanian,Open,0
0,False,,1725148800000,False,True,False,False,SWFs / MFIs / Pension Funds / FoFs,False,,Nordic Development Fund,Propreitory,Krishna Chaitanya K,Open,0
0,False,,1725148800000,False,True,False,False,SWFs / MFIs / Pension Funds / FoFs,False,,Nordic Investment Bank,Propreitory,Krishna Chaitanya K,Open,0
0,False,,1683417600000,False,True,False,False,SWFs / MFIs / Pension Funds / FoFs,False,0,Norfund,Propreitory,Krishna Chaitanya K,Open,100
0,False,,1685577600000,False,True,False,False,SWFs / MFIs / Pension Funds / FoFs,False,Currently not focussing on India based funds,Nova Scotia Pension Agency,Propreitory,Krishna Chaitanya K,Declined,0
0,False,,1717200000000,False,True,False,False,Others,False,0,NTPC,SKC,K. Ganapathy Subramanian,Open,0
0,False,,1717200000000,False,True,False,False,Others,False,0,ONGC,SKC,Krishna Chaitanya K,Open,0
0,False,,1685577600000,False,True,False,False,SWFs / MFIs / Pension Funds / FoFs,False,,Saudi Investment Bank,Propreitory,Krishna Chaitanya K,Open,0
0,False,,1725148800000,False,True,False,False,Foreign Banks / Insurance Companies,False,,Sberbank,Propreitory,Krishna Chaitanya K,Open,0
0,False,,1685577600000,False,True,False,False,Others,False,,SEWA Girh Rin Limited,Propreitory,Sathanbabu Mathankumar,Declined,0
0,False,,1685577600000,False,True,False,False,SWFs / MFIs / Pension Funds / FoFs,False,Maybe for next Sheltyer Fund,Shelter Afrique,Propreitory,Sathanbabu Mathankumar,Closed / Deferred,0
0,False,,1725148800000,False,True,False,False,Domestic / Foreing PE/VC Funds,False,Currently not investing in India as a FoF,Star Capital Partners LLP,Propreitory,Krishna Chaitanya K,Closed / Deferred,0
0,False,,1725148800000,False,True,False,False,Foreign Banks / Insurance Companies,False,,Sumitomo Mitsui Banking Corporation,Propreitory,Krishna Chaitanya K,Open,0
0,False,,1725148800000,False,True,False,False,SWFs / MFIs / Pension Funds / FoFs,False,,SUSI Partners AG,Propreitory,Krishna Chaitanya K,Closed / Deferred,0
0,False,,1682899200000,False,True,False,False,Private Sector / Foreign  Banks in India / NBFCs,False,,Tamilnad Mercantile Bank Limited,CFM,K. Ganapathy Subramanian,Declined,5
0,False,,1685577600000,False,True,False,False,SWFs / MFIs / Pension Funds / FoFs,False,,The Global Steering Group for Impact Investment (GSG),Propreitory,Satish S,Open,0
0,False,,1725148800000,False,True,False,False,SWFs / MFIs / Pension Funds / FoFs,False,,Touristic Enterprises Company,Propreitory,Krishna Chaitanya K,Open,0
0,False,,1678752000000,False,True,False,False,PSU Banks / PFIs,False,Dhiraj,UBI,CFM,Krishna Chaitanya K,Closed / Deferred,25
0,False,,1725148800000,False,True,False,False,Foreign Banks / Insurance Companies,False,,VTB Capital,Propreitory,Krishna Chaitanya K,Open,0
0,False,,1725148800000,False,False,False,False,SWFs / MFIs / Pension Funds / FoFs,False,,17 Capital Services Limited,Propreitory,Krishna Chaitanya K,Open,0
0,False,,1725148800000,False,False,False,False,SWFs / MFIs / Pension Funds / FoFs,False,,51 North Capital GmbH,Propreitory,Krishna Chaitanya K,Open,0
0,False,,1725148800000,False,False,False,False,SWFs / MFIs / Pension Funds / FoFs,False,,Absolute Research GmbH,Propreitory,Krishna Chaitanya K,Open,0
0,False,,1725148800000,False,False,False,False,SWFs / MFIs / Pension Funds / FoFs,False,,Access Capital Partners GmbH,Propreitory,Krishna Chaitanya K,Open,0
0,False,,1725148800000,False,False,False,False,SWFs / MFIs / Pension Funds / FoFs,False,,Adams Street GmbH,Propreitory,Krishna Chaitanya K,Open,0
0,False,,1725148800000,False,False,False,False,SWFs / MFIs / Pension Funds / FoFs,False,,Aegon Asset Management,Propreitory,Krishna Chaitanya K,Open,0
0,False,,1725148800000,False,False,False,False,SWFs / MFIs / Pension Funds / FoFs,False,,AHP Capital Management GmbH,Propreitory,Krishna Chaitanya K,Open,0
0,False,,1725148800000,False,False,False,False,SWFs / MFIs / Pension Funds / FoFs,False,,Ai Aafiyah Associates FZE,Propreitory,Krishna Chaitanya K,Open,0
0,False,,1725148800000,False,False,False,False,SWFs / MFIs / Pension Funds / FoFs,False,,Albourne Partners Deutschland AG,Propreitory,Krishna Chaitanya K,Open,0
0,False,,1725148800000,False,False,False,False,SWFs / MFIs / Pension Funds / FoFs,False,,Alcentra Limited,Propreitory,Krishna Chaitanya K,Open,0
0,False,,1725148800000,False,False,False,False,SWFs / MFIs / Pension Funds / FoFs,False,,AllianceBernstein (Luxembourg) S.à r.l.,Propreitory,Krishna Chaitanya K,Open,0
0,False,,1725148800000,False,False,False,False,SWFs / MFIs / Pension Funds / FoFs,False,,Allianz Global Investors GmbH,Propreitory,Krishna Chaitanya K,Open,0
0,False,,1725148800000,False,False,False,False,SWFs / MFIs / Pension Funds / FoFs,False,,Alpha Associates AG,Propreitory,Krishna Chaitanya K,Open,0
0,False,,1685577600000,False,False,False,False,Advisor,False,,Altair Consultancy and Advisory Services Ltd ,Propreitory,Satish S,Open,0
0,False,,1725148800000,False,False,False,False,SWFs / MFIs / Pension Funds / FoFs,False,,AltamarCAM Partners,Propreitory,Krishna Chaitanya K,Open,0
0,False,,1725148800000,False,False,False,False,SWFs / MFIs / Pension Funds / FoFs,False,,Alterdomus Deutschland GmbH,Propreitory,Krishna Chaitanya K,Open,0
0,False,,1725148800000,False,False,False,False,SWFs / MFIs / Pension Funds / FoFs,False,,Ampega Asset Management GmbH,Propreitory,Krishna Chaitanya K,Open,0
0,False,,1725148800000,False,False,False,False,SWFs / MFIs / Pension Funds / FoFs,False,,Amundi Deutschland ,Propreitory,Krishna Chaitanya K,Open,0
0,False,,1725148800000,False,False,False,False,SWFs / MFIs / Pension Funds / FoFs,False,,Annerton Rechtsanwaltsgesellschaft mbH,Propreitory,Krishna Chaitanya K,Open,0
0,False,,1725148800000,False,False,False,False,SWFs / MFIs / Pension Funds / FoFs,False,,Antin Infrastructure Partners,Propreitory,Krishna Chaitanya K,Open,0
0,False,,1725148800000,False,False,False,False,SWFs / MFIs / Pension Funds / FoFs,False,,Apera Asset Management GmbH,Propreitory,Krishna Chaitanya K,Open,0
0,False,,1725148800000,False,False,False,False,SWFs / MFIs / Pension Funds / FoFs,False,,Aquila Capital,Propreitory,Krishna Chaitanya K,Open,0
0,False,,1725148800000,False,False,False,False,SWFs / MFIs / Pension Funds / FoFs,False,,Arcmont Asset Management (Germany) GmbH,Propreitory,Krishna Chaitanya K,Open,0
0,False,,1725148800000,False,False,False,False,SWFs / MFIs / Pension Funds / FoFs,False,,Ardian Germany Investment Opportunities GmbH,Propreitory,Krishna Chaitanya K,Open,0
0,False,,1725148800000,False,False,False,False,SWFs / MFIs / Pension Funds / FoFs,False,,AREAM GmbH,Propreitory,Krishna Chaitanya K,Open,0
0,False,,1725148800000,False,False,False,False,SWFs / MFIs / Pension Funds / FoFs,False,,Arendt & Medernach SA,Propreitory,Krishna Chaitanya K,Open,0
0,False,,1725148800000,False,False,False,False,SWFs / MFIs / Pension Funds / FoFs,False,,Ares Management,Propreitory,Krishna Chaitanya K,Open,0
0,False,,1725148800000,False,False,False,False,SWFs / MFIs / Pension Funds / FoFs,False,,Argos Wityu GmbH,Propreitory,Krishna Chaitanya K,Open,0
0,False,,1725148800000,False,False,False,False,SWFs / MFIs / Pension Funds / FoFs,False,,Arkadian Capital,Propreitory,Krishna Chaitanya K,Open,0
0,False,,1725148800000,False,False,False,False,SWFs / MFIs / Pension Funds / FoFs,False,,Art-Invest Real Estate Funds GmbH (AIREF),Propreitory,Krishna Chaitanya K,Open,0
0,False,,1725148800000,False,False,False,False,SWFs / MFIs / Pension Funds / FoFs,False,,Ashurst LLP,Propreitory,Krishna Chaitanya K,Open,0
0,False,,1725148800000,False,False,False,False,SWFs / MFIs / Pension Funds / FoFs,False,,AssetMetrix GmbH,Propreitory,Krishna Chaitanya K,Open,0
0,False,,1725148800000,False,False,False,False,SWFs / MFIs / Pension Funds / FoFs,False,,"ATLAS PLACEMENT ADVISORS, LLC",Propreitory,Krishna Chaitanya K,Open,0
0,False,,1725148800000,False,False,False,False,SWFs / MFIs / Pension Funds / FoFs,False,,AVEGA Capital Management S.A.,Propreitory,Krishna Chaitanya K,Open,0
0,False,,1725148800000,False,False,False,False,SWFs / MFIs / Pension Funds / FoFs,False,,Avellinia Capital Limited,Propreitory,Krishna Chaitanya K,Open,0
0,False,,1725148800000,False,False,False,False,SWFs / MFIs / Pension Funds / FoFs,False,,AXA Investment Managers Deutschland GmbH,Propreitory,Krishna Chaitanya K,Open,0
0,False,,1725148800000,False,False,False,False,SWFs / MFIs / Pension Funds / FoFs,False,,AXIOM Asia Private Capital,Propreitory,Krishna Chaitanya K,Open,0
0,False,,1725148800000,False,False,False,False,Foreign Banks / Insurance Companies,False,,BAADER Bank AG,Propreitory,Krishna Chaitanya K,Open,0
0,False,,1725148800000,False,False,False,False,SWFs / MFIs / Pension Funds / FoFs,False,,Baillie Gifford Investment Management (Europe) Ltd,Propreitory,Krishna Chaitanya K,Open,0
0,False,,1725148800000,False,False,False,False,SWFs / MFIs / Pension Funds / FoFs,False,,Banque Saudi Fransi,Propreitory,Krishna Chaitanya K,Open,0
0,False,,1725148800000,False,False,False,False,SWFs / MFIs / Pension Funds / FoFs,False,,Barclays Capital,Propreitory,Krishna Chaitanya K,Open,0
0,False,,1725148800000,False,False,False,False,SWFs / MFIs / Pension Funds / FoFs,False,,Barings,Propreitory,Krishna Chaitanya K,Open,0
0,False,,1725148800000,False,False,False,False,SWFs / MFIs / Pension Funds / FoFs,False,,BayernInvest Kapitalverwaltungsgesellschaft mbH,Propreitory,Krishna Chaitanya K,Open,0
0,False,,1725148800000,False,False,False,False,SWFs / MFIs / Pension Funds / FoFs,False,,"BERENBERG - Joh. Berenberg, Gossler & Co. KG",Propreitory,Krishna Chaitanya K,Open,0
0,False,,1725148800000,False,False,False,False,SWFs / MFIs / Pension Funds / FoFs,False,,BF.capital GmbH,Propreitory,Krishna Chaitanya K,Open,0
0,False,,1725148800000,False,False,False,False,SWFs / MFIs / Pension Funds / FoFs,False,,BlackRock,Propreitory,Krishna Chaitanya K,Open,0
0,False,,1685577600000,False,False,False,False,PSU Banks / PFIs,False,0,"Blue Earth Capital, Switzerland",Others,Satish S,Open,0
0,False,,1725148800000,False,False,False,False,SWFs / MFIs / Pension Funds / FoFs,False,,BlueBay Funds Management Company S.A.,Propreitory,Krishna Chaitanya K,Open,0
0,False,,1725148800000,False,False,False,False,SWFs / MFIs / Pension Funds / FoFs,False,,BlueOrchard Finance Ltd.,Propreitory,Krishna Chaitanya K,Open,0
0,False,,1725148800000,False,False,False,False,SWFs / MFIs / Pension Funds / FoFs,False,,BNP PARIBAS ASSET MANAGEMENT France S.A.S.,Propreitory,Krishna Chaitanya K,Open,0
0,False,,1725148800000,False,False,False,False,SWFs / MFIs / Pension Funds / FoFs,False,,BNY Mellon Fund Management,Propreitory,Krishna Chaitanya K,Open,0
0,False,,1725148800000,False,False,False,False,SWFs / MFIs / Pension Funds / FoFs,False,,Bright Capital GmbH,Propreitory,Krishna Chaitanya K,Open,0
0,False,,1725148800000,False,False,False,False,SWFs / MFIs / Pension Funds / FoFs,False,,Brinc,Propreitory,Krishna Chaitanya K,Open,0
0,False,,1725148800000,False,False,False,False,SWFs / MFIs / Pension Funds / FoFs,False,,Brookfield,Propreitory,Krishna Chaitanya K,Open,0
0,False,,1725148800000,False,False,False,False,SWFs / MFIs / Pension Funds / FoFs,False,,Brown Brothers Harriman (Luxembourg) S. C. A.,Propreitory,Krishna Chaitanya K,Open,0
0,False,,1725148800000,False,False,False,False,SWFs / MFIs / Pension Funds / FoFs,False,,"Bunge, Switzerland",Propreitory,Krishna Chaitanya K,Open,0
0,False,,1725148800000,False,False,False,False,SWFs / MFIs / Pension Funds / FoFs,False,,Cambridge Associates GmbH,Propreitory,Krishna Chaitanya K,Open,0
0,False,,1725148800000,False,False,False,False,SWFs / MFIs / Pension Funds / FoFs,False,,Campbell Lutyens,Propreitory,Krishna Chaitanya K,Open,0
0,False,,1725148800000,False,False,False,False,SWFs / MFIs / Pension Funds / FoFs,False,,Candriam - Zweigniederlassung Deutschland,Propreitory,Krishna Chaitanya K,Open,0
0,False,,1725148800000,False,False,False,False,SWFs / MFIs / Pension Funds / FoFs,False,,Capital Dynamics,Propreitory,Krishna Chaitanya K,Open,0
0,False,,1725148800000,False,False,False,False,SWFs / MFIs / Pension Funds / FoFs,False,,Capital Four Aifm S/A,Propreitory,Krishna Chaitanya K,Open,0
0,False,,1725148800000,False,False,False,False,SWFs / MFIs / Pension Funds / FoFs,False,,caplantic GmbH,Propreitory,Krishna Chaitanya K,Open,0
0,False,,1725148800000,False,False,False,False,SWFs / MFIs / Pension Funds / FoFs,False,,CAPZA,Propreitory,Krishna Chaitanya K,Open,0
0,False,,1685577600000,False,False,False,False,Advisor,False,,Castalia Strategic Advisors,Others,Satish S,Open,0
0,False,,1725148800000,False,False,False,False,SWFs / MFIs / Pension Funds / FoFs,False,,CBC Pension Plan,Propreitory,Krishna Chaitanya K,Open,0
0,False,,1725148800000,False,False,False,False,SWFs / MFIs / Pension Funds / FoFs,False,,CC Chokshi9 Advisors,Propreitory,Krishna Chaitanya K,Open,0
0,False,,1725148800000,False,False,False,False,SWFs / MFIs / Pension Funds / FoFs,False,,CF Private Equity,Propreitory,Krishna Chaitanya K,Open,0
0,False,,1725148800000,False,False,False,False,SWFs / MFIs / Pension Funds / FoFs,False,,Chartered Investment Germany GmbH,Propreitory,Krishna Chaitanya K,Open,0
0,False,,1725148800000,False,False,False,False,SWFs / MFIs / Pension Funds / FoFs,False,,China Ping An Insurance Overseas (Holdings) Limited,Propreitory,Krishna Chaitanya K,Open,0
0,False,,1725148800000,False,False,False,False,SWFs / MFIs / Pension Funds / FoFs,False,,Cocreator,Propreitory,Krishna Chaitanya K,Open,0
0,False,,1725148800000,False,False,False,False,SWFs / MFIs / Pension Funds / FoFs,False,,COFIDES,Propreitory,Krishna Chaitanya K,Open,0
0,False,,1725148800000,False,False,False,False,SWFs / MFIs / Pension Funds / FoFs,False,,Collineo Asset Management GmbH,Propreitory,Krishna Chaitanya K,Open,0
0,False,,1725148800000,False,False,False,False,Foreign Banks / Insurance Companies,False,,Commerzbank AG,Propreitory,Krishna Chaitanya K,Open,0
0,False,,1725148800000,False,False,False,False,SWFs / MFIs / Pension Funds / FoFs,False,,Competo Capital Invest GmbH,Propreitory,Krishna Chaitanya K,Open,0
0,False,,1725148800000,False,False,False,False,SWFs / MFIs / Pension Funds / FoFs,False,,CPP Investments,Propreitory,Krishna Chaitanya K,Open,0
0,False,,1725148800000,False,False,False,False,SWFs / MFIs / Pension Funds / FoFs,False,,Credence Family ,Propreitory,Krishna Chaitanya K,Open,0
0,False,,1725148800000,False,False,False,False,SWFs / MFIs / Pension Funds / FoFs,False,,Credit Agricole,Propreitory,Krishna Chaitanya K,Open,0
0,False,,1725148800000,False,False,False,False,SWFs / MFIs / Pension Funds / FoFs,False,,Credit Suisse Securities (USA) LLC,Propreitory,Krishna Chaitanya K,Open,0
0,False,,1725148800000,False,False,False,False,SWFs / MFIs / Pension Funds / FoFs,False,,Creditreform Rating AG,Propreitory,Krishna Chaitanya K,Open,0
0,False,,1725148800000,False,False,False,False,HNIs / Family Offices,False,,Cresco FinancE,Propreitory,Krishna Chaitanya K,Open,0
0,False,,1725148800000,False,False,False,False,SWFs / MFIs / Pension Funds / FoFs,False,,Cubera,Propreitory,Krishna Chaitanya K,Open,0
0,False,,1725148800000,False,False,False,False,SWFs / MFIs / Pension Funds / FoFs,False,,DC Placement Advisors GmbH,Propreitory,Krishna Chaitanya K,Open,0
0,False,,1725148800000,False,False,False,False,SWFs / MFIs / Pension Funds / FoFs,False,,DCCP Deutsche Credit GmbH,Propreitory,Krishna Chaitanya K,Open,0
0,False,,1725148800000,False,False,False,False,SWFs / MFIs / Pension Funds / FoFs,False,,DekaBank Deutsche Girozentrale,Propreitory,Krishna Chaitanya K,Open,0
0,False,,1725148800000,False,False,False,False,SWFs / MFIs / Pension Funds / FoFs,False,,Deutsche Finance Holding AG,Propreitory,Krishna Chaitanya K,Open,0
0,False,,1725148800000,False,False,False,False,SWFs / MFIs / Pension Funds / FoFs,False,,DWS Group GmbH & Co. KGaA,Propreitory,Krishna Chaitanya K,Open,0
0,False,,1725148800000,False,False,False,False,SWFs / MFIs / Pension Funds / FoFs,False,,Dynamis Global Consulting,Propreitory,Krishna Chaitanya K,Open,0
0,False,,1725148800000,False,False,False,False,SWFs / MFIs / Pension Funds / FoFs,False,,EBG Investment Solutions AG,Propreitory,Krishna Chaitanya K,Open,0
0,False,,1725148800000,False,False,False,False,SWFs / MFIs / Pension Funds / FoFs,False,,"Efficient Capital Management, LLC",Propreitory,Krishna Chaitanya K,Open,0
0,False,,1725148800000,False,False,False,False,SWFs / MFIs / Pension Funds / FoFs,False,,Eiffel Investment Group,Propreitory,Krishna Chaitanya K,Open,0
0,False,,1725148800000,False,False,False,False,SWFs / MFIs / Pension Funds / FoFs,False,,EIG Global Energy Partners,Propreitory,Krishna Chaitanya K,Open,0
0,False,,1725148800000,False,False,False,False,SWFs / MFIs / Pension Funds / FoFs,False,,ELF Capital Advisory GmbH,Propreitory,Krishna Chaitanya K,Open,0
0,False,,1725148800000,False,False,False,False,SWFs / MFIs / Pension Funds / FoFs,False,,Energy Infrastructure Partners AG,Propreitory,Krishna Chaitanya K,Open,0
0,False,,1725148800000,False,False,False,False,HNIs / Family Offices,False,,Entrust Family Office,Propreitory,Krishna Chaitanya K,Open,0
0,False,,1725148800000,False,False,False,False,SWFs / MFIs / Pension Funds / FoFs,False,,EnTrust Global Ltd.,Propreitory,Krishna Chaitanya K,Open,0
0,False,,1725148800000,False,False,False,False,SWFs / MFIs / Pension Funds / FoFs,False,,EURAMCO Holding GmbH,Propreitory,Krishna Chaitanya K,Open,0
0,False,,1725148800000,False,False,False,False,SWFs / MFIs / Pension Funds / FoFs,False,,Eurazeo,Propreitory,Krishna Chaitanya K,Open,0
0,False,,1725148800000,False,False,False,False,SWFs / MFIs / Pension Funds / FoFs,False,,Eurex Frankfurt AG,Propreitory,Krishna Chaitanya K,Open,0
0,False,,1725148800000,False,False,False,False,SWFs / MFIs / Pension Funds / FoFs,False,,Federated Hermes Limited,Propreitory,Krishna Chaitanya K,Open,0
0,False,,1725148800000,False,False,False,False,SWFs / MFIs / Pension Funds / FoFs,False,,FERI AG,Propreitory,Krishna Chaitanya K,Open,0
0,False,,1725148800000,False,False,False,False,SWFs / MFIs / Pension Funds / FoFs,False,,Fidelity International,Propreitory,Krishna Chaitanya K,Open,0
0,False,,1685577600000,False,False,False,False,PSU Banks / PFIs,False,,Finance in Motion,Propreitory,Satish S,Open,0
0,False,,1725148800000,False,False,False,False,SWFs / MFIs / Pension Funds / FoFs,False,,Finnish Climate Fund,Propreitory,Krishna Chaitanya K,Open,0
0,False,,1725148800000,False,False,False,False,SWFs / MFIs / Pension Funds / FoFs,False,,First Private Investment Management KAG mbH,Propreitory,Krishna Chaitanya K,Open,0
0,False,,1725148800000,False,False,False,False,SWFs / MFIs / Pension Funds / FoFs,False,,Fortress Infrastructure Fund,Propreitory,Krishna Chaitanya K,Open,0
0,False,,1725148800000,False,False,False,False,HNIs / Family Offices,False,,Fosun Group - Hong Kong,Propreitory,Krishna Chaitanya K,Open,0
0,False,,1725148800000,False,False,False,False,SWFs / MFIs / Pension Funds / FoFs,False,,Franklin Templeton,Propreitory,Krishna Chaitanya K,Open,0
0,False,,1725148800000,False,False,False,False,SWFs / MFIs / Pension Funds / FoFs,False,,GCM Grosvenor (Deutschland) GmbH,Propreitory,Krishna Chaitanya K,Open,0
0,False,,1725148800000,False,False,False,False,SWFs / MFIs / Pension Funds / FoFs,False,,Generali Investments Partners S.p.A.,Propreitory,Krishna Chaitanya K,Open,0
0,False,,1725148800000,False,False,False,False,SWFs / MFIs / Pension Funds / FoFs,False,,Global Organizations,Propreitory,Krishna Chaitanya K,Open,0
0,False,,1725148800000,False,False,False,False,SWFs / MFIs / Pension Funds / FoFs,False,,GLS Investment Management GmbH,Propreitory,Krishna Chaitanya K,Open,0
0,False,,1725148800000,False,False,False,False,SWFs / MFIs / Pension Funds / FoFs,False,,Golding Capital Partners GmbH,Propreitory,Krishna Chaitanya K,Open,0
0,False,,1725148800000,False,False,False,False,SWFs / MFIs / Pension Funds / FoFs,False,,Goldman Sachs Asset Management B.V. German Branch,Propreitory,Krishna Chaitanya K,Open,0
0,False,,1725148800000,False,False,False,False,SWFs / MFIs / Pension Funds / FoFs,False,,Good Carbon Earth,Propreitory,Krishna Chaitanya K,Open,0
0,False,,1725148800000,False,False,False,False,SWFs / MFIs / Pension Funds / FoFs,False,,Good earth Carbon,Propreitory,Krishna Chaitanya K,Open,0
0,False,,1725148800000,False,False,False,False,SWFs / MFIs / Pension Funds / FoFs,False,,H&A Global Investment Management GmbH,Propreitory,Krishna Chaitanya K,Open,0
0,False,,1725148800000,False,False,False,False,SWFs / MFIs / Pension Funds / FoFs,False,,Hamilton Lane (Germany) GmbH,Propreitory,Krishna Chaitanya K,Open,0
0,False,,1725148800000,False,False,False,False,SWFs / MFIs / Pension Funds / FoFs,False,,HANSAINVEST Hanseatische Investment GmbH,Propreitory,Krishna Chaitanya K,Open,0
0,False,,1725148800000,False,False,False,False,SWFs / MFIs / Pension Funds / FoFs,False,,HanseMerkur Trust AG,Propreitory,Krishna Chaitanya K,Open,0
0,False,,1725148800000,False,False,False,False,SWFs / MFIs / Pension Funds / FoFs,False,,HAUCK AUFHÄUSER LAMPE Privatbank AG,Propreitory,Krishna Chaitanya K,Open,0
0,False,,1725148800000,False,False,False,False,SWFs / MFIs / Pension Funds / FoFs,False,,Hayfin Capital Management LLP,Propreitory,Krishna Chaitanya K,Open,0
0,False,,1725148800000,False,False,False,False,SWFs / MFIs / Pension Funds / FoFs,False,,Helaba Invest Kapitalanlagegesellschaft mbH,Propreitory,Krishna Chaitanya K,Open,0
0,False,,1725148800000,False,False,False,False,SWFs / MFIs / Pension Funds / FoFs,False,,Helvetic Financial Services AG,Propreitory,Krishna Chaitanya K,Open,0
0,False,,1725148800000,False,False,False,False,SWFs / MFIs / Pension Funds / FoFs,False,,Henley And Partners,Propreitory,Krishna Chaitanya K,Open,0
0,False,,1725148800000,False,False,False,False,SWFs / MFIs / Pension Funds / FoFs,False,,HEP Kapitalverwaltung AG,Propreitory,Krishna Chaitanya K,Open,0
0,False,,1725148800000,False,False,False,False,SWFs / MFIs / Pension Funds / FoFs,False,,Hexicon AB,Propreitory,Krishna Chaitanya K,Open,0
0,False,,1725148800000,False,False,False,False,SWFs / MFIs / Pension Funds / FoFs,False,,HIH Invest Real Estate GmbH,Propreitory,Krishna Chaitanya K,Open,0
0,False,,1725148800000,False,False,False,False,SWFs / MFIs / Pension Funds / FoFs,False,,Hollyport Capital,Propreitory,Krishna Chaitanya K,Open,0
0,False,,1725148800000,False,False,False,False,SWFs / MFIs / Pension Funds / FoFs,False,,Housing & Urban Development Corporation,Propreitory,Krishna Chaitanya K,Open,0
0,False,,1725148800000,False,False,False,False,SWFs / MFIs / Pension Funds / FoFs,False,,HQ Capital (Deutschland) GmbH,Propreitory,Krishna Chaitanya K,Open,0
0,False,,1725148800000,False,False,False,False,SWFs / MFIs / Pension Funds / FoFs,False,,HSBC Asset Management,Propreitory,Krishna Chaitanya K,Open,0
0,False,,1725148800000,False,False,False,False,SWFs / MFIs / Pension Funds / FoFs,False,,ICA Institutional Capital Associates GmbH,Propreitory,Krishna Chaitanya K,Open,0
0,False,,1725148800000,False,False,False,False,SWFs / MFIs / Pension Funds / FoFs,False,,IFM Investors,Propreitory,Krishna Chaitanya K,Open,0
0,False,,1725148800000,False,False,False,False,SWFs / MFIs / Pension Funds / FoFs,False,,Indusind Bank,Propreitory,Krishna Chaitanya K,Open,0
0,False,,1725148800000,False,False,False,False,SWFs / MFIs / Pension Funds / FoFs,False,,Institutional Investment Group GmbH,Propreitory,Krishna Chaitanya K,Open,0
0,False,,1725148800000,False,False,False,False,SWFs / MFIs / Pension Funds / FoFs,False,,Intermediate Capital Group plc (ICG),Propreitory,Krishna Chaitanya K,Open,0
0,False,,1725148800000,False,False,False,False,SWFs / MFIs / Pension Funds / FoFs,False,,Invesco Asset Management Deutschland GmbH,Propreitory,Krishna Chaitanya K,Open,0
0,False,,1725148800000,False,False,False,False,SWFs / MFIs / Pension Funds / FoFs,False,,Investec Capital Services India Private Limited,Propreitory,Krishna Chaitanya K,Open,0
0,False,,1725148800000,False,False,False,False,SWFs / MFIs / Pension Funds / FoFs,False,,Investor Partners GmbH,Propreitory,Krishna Chaitanya K,Open,0
0,False,,1685577600000,False,False,False,False,SWFs / MFIs / Pension Funds / FoFs,False,,Iskali Capital Group,Propreitory,Satish S,Open,0
0,False,,1725148800000,False,False,False,False,SWFs / MFIs / Pension Funds / FoFs,False,,Jacob & Company Securities Inc.,Propreitory,Krishna Chaitanya K,Open,0
0,False,,1725148800000,False,False,False,False,SWFs / MFIs / Pension Funds / FoFs,False,,Kapital 1852 Beratungs GmbH,Propreitory,Krishna Chaitanya K,Open,0
0,False,,1725148800000,False,False,False,False,SWFs / MFIs / Pension Funds / FoFs,False,,Kartesia Management S.A.R.L.,Propreitory,Krishna Chaitanya K,Open,0
0,False,,1725148800000,False,False,False,False,SWFs / MFIs / Pension Funds / FoFs,False,,KGAL-Gruppe,Propreitory,Krishna Chaitanya K,Open,0
0,False,,1725148800000,False,False,False,False,SWFs / MFIs / Pension Funds / FoFs,False,,KKR ,Propreitory,Krishna Chaitanya K,Open,0
0,False,,1725148800000,False,False,False,False,SWFs / MFIs / Pension Funds / FoFs,False,,Klarphos S.à r.l.,Propreitory,Krishna Chaitanya K,Open,0
0,False,,1725148800000,False,False,False,False,SWFs / MFIs / Pension Funds / FoFs,False,,Kontora Family Office GmbH,Propreitory,Krishna Chaitanya K,Open,0
0,False,,1725148800000,False,False,False,False,SWFs / MFIs / Pension Funds / FoFs,False,,LBBW Asset Management Investmentgesellschaft mbH,Propreitory,Krishna Chaitanya K,Open,0
0,False,,1725148800000,False,False,False,False,SWFs / MFIs / Pension Funds / FoFs,False,,Lotus Global Capital,Propreitory,Krishna Chaitanya K,Open,0
0,False,,1725148800000,False,False,False,False,SWFs / MFIs / Pension Funds / FoFs,False,,Lumyna Investments Ltd,Propreitory,Krishna Chaitanya K,Open,0
0,False,,1725148800000,False,False,False,False,SWFs / MFIs / Pension Funds / FoFs,False,,Lupus alpha Asset Management AG,Propreitory,Krishna Chaitanya K,Open,0
0,False,,1725148800000,False,False,False,False,SWFs / MFIs / Pension Funds / FoFs,False,,Luxcara GmbH,Propreitory,Krishna Chaitanya K,Open,0
0,False,,1725148800000,False,False,False,False,SWFs / MFIs / Pension Funds / FoFs,False,,M&G Luxembourg S.A.,Propreitory,Krishna Chaitanya K,Open,0
0,False,,1725148800000,False,False,False,False,SWFs / MFIs / Pension Funds / FoFs,False,,MacKay Shields LLC,Propreitory,Krishna Chaitanya K,Open,0
0,False,,1725148800000,False,False,False,False,SWFs / MFIs / Pension Funds / FoFs,False,,Mackewicz & Partner,Propreitory,Krishna Chaitanya K,Open,0
0,False,,1725148800000,False,False,False,False,Advisor,False,,Maizar Advisory Services,Propreitory,Krishna Chaitanya K,Open,0
0,False,,1725148800000,False,False,False,False,SWFs / MFIs / Pension Funds / FoFs,False,,Mandatum Asset Management Ltd,Propreitory,Krishna Chaitanya K,Open,0
0,False,,1725148800000,False,False,False,False,Foreign Banks / Insurance Companies,False,,"Manulife Investment Management (Ireland) Limited, German Branch",Propreitory,Krishna Chaitanya K,Open,0
0,False,,1725148800000,False,False,False,False,SWFs / MFIs / Pension Funds / FoFs,False,,MetLife Investment Management Europe Limited,Propreitory,Krishna Chaitanya K,Open,0
0,False,,1725148800000,False,False,False,False,SWFs / MFIs / Pension Funds / FoFs,False,,Metzler Asset Management GmbH,Propreitory,Krishna Chaitanya K,Open,0
0,False,,1725148800000,False,False,False,False,SWFs / MFIs / Pension Funds / FoFs,False,,MNB Nick Beteiligungen GmbH,Propreitory,Krishna Chaitanya K,Open,0
0,False,,1725148800000,False,False,False,False,SWFs / MFIs / Pension Funds / FoFs,False,,Montana Capital Partners AG,Propreitory,Krishna Chaitanya K,Open,0
0,False,,1725148800000,False,False,False,False,SWFs / MFIs / Pension Funds / FoFs,False,,Moonfare GmbH,Propreitory,Krishna Chaitanya K,Open,0
0,False,,1725148800000,False,False,False,False,SWFs / MFIs / Pension Funds / FoFs,False,,Mount Street Portfolio Advisers GmbH,Propreitory,Krishna Chaitanya K,Open,0
0,False,,1725148800000,False,False,False,False,SWFs / MFIs / Pension Funds / FoFs,False,,MPC Capital AG,Propreitory,Krishna Chaitanya K,Open,0
0,False,,1725148800000,False,False,False,False,SWFs / MFIs / Pension Funds / FoFs,False,,MSIM Fund Management (Ireland) Limited,Propreitory,Krishna Chaitanya K,Open,0
0,False,,1725148800000,False,False,False,False,SWFs / MFIs / Pension Funds / FoFs,False,,Munich Private Equity Partners GmbH,Propreitory,Krishna Chaitanya K,Open,0
0,False,,1725148800000,False,False,False,False,SWFs / MFIs / Pension Funds / FoFs,False,,Muzinich & Co (Ireland) Limited,Propreitory,Krishna Chaitanya K,Open,0
0,False,,1725148800000,False,False,False,False,SWFs / MFIs / Pension Funds / FoFs,False,,Natango Invest GmbH,Propreitory,Krishna Chaitanya K,Open,0
0,False,,1725148800000,False,False,False,False,SWFs / MFIs / Pension Funds / FoFs,False,,Natixis Investment Managers International,Propreitory,Krishna Chaitanya K,Open,0
0,False,,1717200000000,False,False,False,False,Domestic Pension Funds / Insurance Companies/MFs,False,0,Naval Pension Fund,SKC,K. Ganapathy Subramanian,Open,0
0,False,,1725148800000,False,False,False,False,SWFs / MFIs / Pension Funds / FoFs,False,,Naxicap Germany GmbH,Propreitory,Krishna Chaitanya K,Open,0
0,False,,1725148800000,False,False,False,False,SWFs / MFIs / Pension Funds / FoFs,False,,NBAD,Others,Krishna Chaitanya K,Open,0
0,False,,1725148800000,False,False,False,False,SWFs / MFIs / Pension Funds / FoFs,False,,Neuberger Berman Asset Management Ireland Limited,Propreitory,Krishna Chaitanya K,Open,0
0,False,,1725148800000,False,False,False,False,SWFs / MFIs / Pension Funds / FoFs,False,,Next Generation Invest AG,Propreitory,Krishna Chaitanya K,Open,0
0,False,,1725148800000,False,False,False,False,SWFs / MFIs / Pension Funds / FoFs,False,,Ninety One Luxembourg S.A. - German Branch,Propreitory,Krishna Chaitanya K,Open,0
0,False,,1725148800000,False,False,False,False,SWFs / MFIs / Pension Funds / FoFs,False,,NIO Partners AG,Propreitory,Krishna Chaitanya K,Open,0
0,False,,1725148800000,False,False,False,False,SWFs / MFIs / Pension Funds / FoFs,False,,Noor Financial Investment Co,Propreitory,Krishna Chaitanya K,Open,0
0,False,,1725148800000,False,False,False,False,SWFs / MFIs / Pension Funds / FoFs,False,,Nürnberger Asset Management GmbH,Propreitory,Krishna Chaitanya K,Open,0
0,False,,1725148800000,False,False,False,False,HNIs / Family Offices,False,,Nuvama Asset Services,Propreitory,Krishna Chaitanya K,Open,0
0,False,,1725148800000,False,False,False,False,SWFs / MFIs / Pension Funds / FoFs,False,,Nuveen - A TIAA Company,Propreitory,Krishna Chaitanya K,Open,0
0,False,,1725148800000,False,False,False,False,SWFs / MFIs / Pension Funds / FoFs,False,,Oaklet GmbH,Propreitory,Krishna Chaitanya K,Open,0
0,False,,1725148800000,False,False,False,False,Domestic / Foreing PE/VC Funds,False,,Oaktree Capital Management,Propreitory,Krishna Chaitanya K,Open,0
0,False,,1725148800000,False,False,False,False,SWFs / MFIs / Pension Funds / FoFs,False,,ODDO BHF Asset Management GmbH,Propreitory,Krishna Chaitanya K,Open,0
0,False,,1725148800000,False,False,False,False,SWFs / MFIs / Pension Funds / FoFs,False,,Olympia Capital Management SA,Propreitory,Krishna Chaitanya K,Open,0
0,False,,1725148800000,False,False,False,False,SWFs / MFIs / Pension Funds / FoFs,False,,Oman - State General Reserve Fund,Propreitory,Krishna Chaitanya K,Open,0
0,False,,1725148800000,False,False,False,False,SWFs / MFIs / Pension Funds / FoFs,False,,Omnes Capital,Propreitory,Krishna Chaitanya K,Open,0
0,False,,1725148800000,False,False,False,False,SWFs / MFIs / Pension Funds / FoFs,False,,Palladio GmbH,Propreitory,Krishna Chaitanya K,Open,0
0,False,,1725148800000,False,False,False,False,SWFs / MFIs / Pension Funds / FoFs,False,,Pantheon Ventures (Ireland) DAC,Propreitory,Krishna Chaitanya K,Open,0
0,False,,1725148800000,False,False,False,False,SWFs / MFIs / Pension Funds / FoFs,False,,Park Square Capital,Propreitory,Krishna Chaitanya K,Open,0
0,False,,1725148800000,False,False,False,False,SWFs / MFIs / Pension Funds / FoFs,False,,Partners Group,Propreitory,Krishna Chaitanya K,Open,0
0,False,,1725148800000,False,False,False,False,SWFs / MFIs / Pension Funds / FoFs,False,,Patrimonium Asset Management AG,Propreitory,Krishna Chaitanya K,Open,0
0,False,,1725148800000,False,False,False,False,SWFs / MFIs / Pension Funds / FoFs,False,,Pemberton Asset Management S.A. – Germany,Propreitory,Krishna Chaitanya K,Open,0
0,False,,1725148800000,False,False,False,False,SWFs / MFIs / Pension Funds / FoFs,False,,Phoenix-A&G Capital,Propreitory,Krishna Chaitanya K,Open,0
0,False,,1725148800000,False,False,False,False,SWFs / MFIs / Pension Funds / FoFs,False,,Pictet Asset Management (Europe) S.A.,Propreitory,Krishna Chaitanya K,Open,0
0,False,,1725148800000,False,False,False,False,SWFs / MFIs / Pension Funds / FoFs,False,,"Pinnacle Asset Management, L.P.",Propreitory,Krishna Chaitanya K,Open,0
0,False,,1725148800000,False,False,False,False,HNIs / Family Offices,False,,Premji Invest,Propreitory,Krishna Chaitanya K,Open,0
0,False,,1725148800000,False,False,False,False,SWFs / MFIs / Pension Funds / FoFs,False,,Prime Capital AG,Propreitory,Krishna Chaitanya K,Open,0
0,False,,1725148800000,False,False,False,False,SWFs / MFIs / Pension Funds / FoFs,False,,Progressive Capital Partners Ltd.,Propreitory,Krishna Chaitanya K,Open,0
0,False,,1725148800000,False,False,False,False,SWFs / MFIs / Pension Funds / FoFs,False,,QC Partners GmbH,Propreitory,Krishna Chaitanya K,Open,0
0,False,,1725148800000,False,False,False,False,SWFs / MFIs / Pension Funds / FoFs,False,,QIA,Propreitory,Krishna Chaitanya K,Open,0
0,False,,1725148800000,False,False,False,False,SWFs / MFIs / Pension Funds / FoFs,False,,Reichmuth & Co Investment Management AG,Propreitory,Krishna Chaitanya K,Open,0
0,False,,1725148800000,False,False,False,False,SWFs / MFIs / Pension Funds / FoFs,False,,Resonanz Capital GmbH,Propreitory,Krishna Chaitanya K,Open,0
0,False,,1725148800000,False,False,False,False,SWFs / MFIs / Pension Funds / FoFs,False,,Riverside Europe Partners GmbH,Propreitory,Krishna Chaitanya K,Open,0
0,False,,1725148800000,False,False,False,False,SWFs / MFIs / Pension Funds / FoFs,False,,Robeco Deutschland,Propreitory,Krishna Chaitanya K,Open,0
0,False,,1725148800000,False,False,False,False,SWFs / MFIs / Pension Funds / FoFs,False,,Rudolf Wolff Limited - Dubai,Propreitory,Krishna Chaitanya K,Open,0
0,False,,1717200000000,False,False,False,False,Others,False,0,SAIL,SKC,K. Ganapathy Subramanian,Open,0
0,False,,1725148800000,False,False,False,False,SWFs / MFIs / Pension Funds / FoFs,False,,Salm Global Timber GmbH,Propreitory,Krishna Chaitanya K,Open,0
0,False,,1725148800000,False,False,False,False,SWFs / MFIs / Pension Funds / FoFs,False,,Santander Asset Management,Propreitory,Krishna Chaitanya K,Open,0
0,False,,1717200000000,False,False,False,False,Domestic Pension Funds / Insurance Companies/MFs,False,0,SBI Insurance,Propreitory,K. Ganapathy Subramanian,Open,0
0,False,,1725148800000,False,False,False,False,SWFs / MFIs / Pension Funds / FoFs,False,,Schroders Capital,Propreitory,Krishna Chaitanya K,Open,0
0,False,,1725148800000,False,False,False,False,Domestic / Foreing PE/VC Funds,False,,Shard Credit Partners,Propreitory,Krishna Chaitanya K,Open,0
0,False,,1725148800000,False,False,False,False,SWFs / MFIs / Pension Funds / FoFs,False,,Sienna Investment Managers SA,Propreitory,Krishna Chaitanya K,Open,0
0,False,,1725148800000,False,False,False,False,SWFs / MFIs / Pension Funds / FoFs,False,,SimCorp GmbH,Propreitory,Krishna Chaitanya K,Open,0
0,False,,1685577600000,False,False,False,False,Others,False,"Social Infra Ventures (SIV) is an Africa-focused climate-resilient, green and inclusive housing platform providing low-cost housing and social infrastructure (such as schools, clinics, sport facilities, etc.) in Africa’s Tier II cities, leveraging local capital market infrastructure.",Social Infra Ventures,Propreitory,Sathanbabu Mathankumar,Open,0
0,False,,1725148800000,False,False,False,False,SWFs / MFIs / Pension Funds / FoFs,False,,Solas Capital AG,Propreitory,Krishna Chaitanya K,Open,0
0,False,,1725148800000,False,False,False,False,SWFs / MFIs / Pension Funds / FoFs,False,,SOLUTIO AG Anlagekonzepte für Institutionen,Propreitory,Krishna Chaitanya K,Open,0
0,False,,1725148800000,False,False,False,False,SWFs / MFIs / Pension Funds / FoFs,False,,Startford House ,Propreitory,Krishna Chaitanya K,Open,0
0,False,,1725148800000,False,False,False,False,SWFs / MFIs / Pension Funds / FoFs,False,,StepStone,Propreitory,Krishna Chaitanya K,Open,0
0,False,,1725148800000,False,False,False,False,SWFs / MFIs / Pension Funds / FoFs,False,,Stonepeak Partners LP,Propreitory,Krishna Chaitanya K,Open,0
0,False,,1725148800000,False,False,False,False,SWFs / MFIs / Pension Funds / FoFs,False,,SwanCap Partners GmbH,Propreitory,Krishna Chaitanya K,Open,0
0,False,,1725148800000,False,False,False,False,SWFs / MFIs / Pension Funds / FoFs,False,,SwedFund International AB,Propreitory,Krishna Chaitanya K,Open,0
0,False,,1725148800000,False,False,False,False,SWFs / MFIs / Pension Funds / FoFs,False,,Swiss Finance & Property Deutschland GmbH,Propreitory,Krishna Chaitanya K,Open,0
0,False,,1725148800000,False,False,False,False,SWFs / MFIs / Pension Funds / FoFs,False,,"Swiss Life Asset Managers, Niederlasung Deutschland",Propreitory,Krishna Chaitanya K,Open,0
0,False,,1725148800000,False,False,False,False,SWFs / MFIs / Pension Funds / FoFs,False,,Third Swedish National Pension Fund / AP3,Propreitory,Krishna Chaitanya K,Open,0
0,False,,1725148800000,False,False,False,False,SWFs / MFIs / Pension Funds / FoFs,False,,Tikehau Investment Management S.A.S.,Propreitory,Krishna Chaitanya K,Open,0
0,False,,1725148800000,False,False,False,False,SWFs / MFIs / Pension Funds / FoFs,False,,Twelve Capital (DE) GmbH,Propreitory,Krishna Chaitanya K,Open,0
0,False,,1725148800000,False,False,False,False,SWFs / MFIs / Pension Funds / FoFs,False,,UBS Asset Management,Propreitory,Krishna Chaitanya K,Open,0
0,False,,1725148800000,False,False,False,False,SWFs / MFIs / Pension Funds / FoFs,False,,Unigestion SA,Propreitory,Krishna Chaitanya K,Open,0
0,False,,1725148800000,False,False,False,False,SWFs / MFIs / Pension Funds / FoFs,False,,Vertevis Capital Partners GmbH,Propreitory,Krishna Chaitanya K,Open,0
0,False,,1725148800000,False,False,False,False,SWFs / MFIs / Pension Funds / FoFs,False,,WAVE Management AG,Propreitory,Krishna Chaitanya K,Open,0
0,False,,1725148800000,False,False,False,False,SWFs / MFIs / Pension Funds / FoFs,False,,Wealthcap Kapitalverwaltungsgesellschaft mbH,Propreitory,Krishna Chaitanya K,Open,0
0,False,,1725148800000,False,False,False,False,SWFs / MFIs / Pension Funds / FoFs,False,,Wellington Management Europe GmbH,Propreitory,Krishna Chaitanya K,Open,0
0,False,,1725148800000,False,False,False,False,SWFs / MFIs / Pension Funds / FoFs,False,,YIELCO Investments AG,Propreitory,Krishna Chaitanya K,Open,0
0,False,,1737417600000,False,True,True,False,Corporates,True,,Saint Gobain,Propreitory,K. Ganapathy Subramanian,Open,0
